url,Stock,Price,Remove
https://www.webstaurantstore.com/regency-nsf-mobile-green-wire-security-cage-kit-24-x-60-x-69/460GSC2460KM.html,In,338.99,False
https://www.webstaurantstore.com/regency-nsf-mobile-chrome-wire-security-cage-kit-24-x-60-x-69/460CSC2460KM.html,In,388.99,False
https://www.webstaurantstore.com/regency-nsf-mobile-green-wire-security-cage-kit-24-x-48-x-69/460GSC2448KM.html,In,278.99,False
https://www.webstaurantstore.com/regency-nsf-mobile-chrome-wire-security-cage-kit-24-x-48-x-69/460CSC2448KM.html,In,338.49,False
https://www.webstaurantstore.com/regency-nsf-mobile-green-wire-security-cage-kit-18-x-48-x-69/460GSC1848KM.html,In,366.99,False
https://www.webstaurantstore.com/regency-nsf-mobile-chrome-wire-security-cage-kit-18-x-48-x-69/460CSC1848KM.html,In,379.99,False
https://www.webstaurantstore.com/regency-nsf-mobile-green-wire-security-cage-kit-18-x-36-x-69/460GSC1836KM.html,In,274.49,False
https://www.webstaurantstore.com/regency-nsf-mobile-chrome-wire-security-cage-kit-18-x-36-x-69/460CSC1836KM.html,In,258.99,False
https://www.webstaurantstore.com/regency-nsf-mobile-green-wire-security-cage-kit-24-x-36-x-69/460GSC2436KM.html,In,302.49,False
https://www.webstaurantstore.com/regency-nsf-mobile-chrome-wire-security-cage-kit-24-x-36-x-69/460CSC2436KM.html,In,288.99,False
https://www.webstaurantstore.com/regency-nsf-mobile-green-wire-security-cage-kit-18-x-60-x-69/460GSC1860KM.html,In,398.49,False
https://www.webstaurantstore.com/regency-nsf-mobile-chrome-wire-security-cage-kit-18-x-60-x-69/460CSC1860KM.html,In,438.49,False
https://www.webstaurantstore.com/regency-nsf-stationary-green-wire-security-cage-kit-24-x-48-x-74/460GSC2448KS.html,In,246.99,False
https://www.webstaurantstore.com/regency-nsf-stationary-chrome-wire-security-cage-kit-24-x-48-x-74/460CSC2448KS.html,In,346.99,False
https://www.webstaurantstore.com/regency-nsf-stationary-green-wire-security-cage-kit-24-x-60-x-74/460GSC2460KS.html,In,346.49,False
https://www.webstaurantstore.com/regency-nsf-stationary-chrome-wire-security-cage-kit-24-x-60-x-74/460CSC2460KS.html,In,489.99,False
https://www.webstaurantstore.com/regency-nsf-stationary-green-wire-security-cage-kit-18-x-36-x-74/460GSC1836KS.html,In,229.99,False
https://www.webstaurantstore.com/regency-nsf-stationary-chrome-wire-security-cage-kit-18-x-36-x-74/460CSC1836KS.html,In,258.49,False
https://www.webstaurantstore.com/regency-nsf-stationary-green-wire-security-cage-kit-18-x-48-x-74/460GSC1848KS.html,In,322.99,False
